0.0,0.0,0.36022109999999996,0.0,0.0,0.5274523,0.0,0.7296078,0.0,0.03961888,0.0,0.48851293,0.2016771,0.31365195,0.07617208,0.16130199,0.6351505999999999,0.5197027,0.33452022,0.0,0.0,0.0,0.32768553,0.0,0.21155587,0.4216521,0.53521854,0.0,0.0,0.034253996,0
0.0,0.0,0.45105106,0.0,0.0,0.37329027,0.0,0.9098707,0.0,0.0,0.0,0.5532041999999999,0.1893855,0.201183,0.0011220003999999999,0.14701828,0.75524515,0.6773537,0.27877733,0.0,0.0,0.0,0.26417813,0.0,0.22517999,0.36571342,0.37912694,0.0,0.0,0.16306320000000002,0
0.0,0.0,0.5493737,0.0,0.0,0.49005792,0.0,0.5630542,0.0,0.0,0.0,0.33433262,0.34663130000000003,0.26207036,0.13799979,0.18363337,0.57870406,0.5684941,0.034565475,0.0,0.0,0.09127869,0.1938436,0.0,0.15150389,0.3141027,0.43318278,0.0,0.0,0.07069339,1
0.0,0.0,0.4374734,0.0,0.0,0.38115153,0.03529969,0.48119017,0.0,0.05809450000000001,0.0,0.43631288,0.5213042,0.010244886,0.0,0.17382042,0.32458872,0.6277037,0.0,0.0,0.0,0.04866396,0.020867623000000002,0.0,0.37419868,0.23653552,0.14019296,0.0,0.0,0.17343514,0
0.0,0.0,0.43460906,0.0,0.05291399,0.30457014,0.0,0.47833046,0.0,0.06070099,0.0,0.31186375,0.24593927,0.04421567,0.0,0.09944109599999999,0.39036214,0.44841582,0.0,0.0,0.0,0.020893237,0.009018165,0.0,0.12535090000000002,0.22179416,0.19677061,0.0,0.0,0.12699296,1
0.0,0.0,0.6159851,0.0,0.0,0.35450435,0.06431745,0.3398792,0.0,0.07668406,0.0,0.40712082,0.5317008000000001,0.0,0.18885608,0.10978895400000001,0.59194916,0.61216867,0.0827626,0.011188334,0.0,0.07650258,0.17307165,0.0,0.16896501,0.36939338,0.36500216,0.0,0.0,0.09783298,1
0.0,0.0,0.5854239999999999,0.0,0.045277915999999994,0.31199053,0.06405848,0.43643263,0.0,0.026860557,0.0,0.51101696,0.53175026,0.0,0.0,0.26636702,0.5296451999999999,0.683062,0.0,0.0,0.0,0.0,0.0,0.0,0.25163224,0.24797012,0.27801597,0.0,0.0,0.19160162,0
0.0,0.0,0.5487788,0.0,0.03905927,0.41543084,0.0,0.4412085,0.0,0.09313499,0.0,0.5270115,0.49483532,0.0,0.0,0.23643383,0.5959845,0.74923587,0.0,0.0,0.0,0.0,0.028246217999999997,0.0,0.39370307,0.37372056,0.18965352,0.0,0.0,0.278983,0
0.0,0.17330843,0.39765528,0.0,0.0,0.53027064,0.19345220000000002,0.19071582,0.0,0.10035535,0.0,0.18285371,0.5099257,0.039096884,0.1268351,0.0052917316,0.5213609,0.9090203000000001,0.23446691,0.11583154,0.0,0.06352822,0.399702,0.0,0.40617067,0.28453547,0.19003393,0.0,0.0,0.0,1
0.0,0.0,0.5508288,0.0,0.0,0.41619253,0.0,0.6754975000000001,0.0,0.0,0.0,0.6261224,0.35928714,0.09633064,0.044970725,0.23916334,0.6890985,0.64771795,0.08935104,0.0,0.0,0.0,0.13113485,0.0,0.26595265,0.43949732,0.46045005,0.0,0.0,0.22637333,0
0.0,0.31916356,0.50833005,0.0,0.10696784,0.10723244,0.2805795,0.041554257000000004,0.0,0.2507585,0.0,0.0,0.65845734,0.0,0.013910085,0.0,0.35628447,0.74875945,0.0,0.08065796,0.0,0.0,0.12582763,0.0,0.26833516,0.19130245,0.0,0.0,0.3066853,0.0,1
0.0,0.0,0.4726763,0.0,0.0,0.42449269999999995,0.0,0.67353487,0.0,0.0,0.0,0.6853826,0.4144607,0.08390452,0.04958402,0.27832705,0.6987445999999999,0.6563328,0.1420899,0.0,0.0,0.0,0.10916285,0.0,0.28900352,0.39771208,0.5258946999999999,0.0,0.0,0.19051322,0
0.0,0.0,0.35121182,0.0,0.0,0.45185906,0.0,0.5985355,0.0,0.0,0.0,0.59840155,0.44532612,0.23793323,0.029896437999999997,0.30381608,0.56198555,0.5174505,0.26503906,0.0,0.0,0.13414365,0.32058805,0.0,0.44455346,0.4877071,0.56142336,0.0,0.0,0.0,0
0.0,0.13220099,0.62002796,0.0,0.09294685,0.34713548,0.0,0.55683434,0.0,0.03954028,0.0,0.3497507,0.5485315,0.0,0.0,0.15477833,0.43516108,1.0098264000000001,0.15649787,0.0,0.0,0.0,0.27256098,0.0,0.40274528,0.36441052,0.054761145,0.0,0.0,0.0,1
0.0,0.0,0.46934727,0.0,0.03823723,0.33502272,0.0,0.48081404,0.0,0.067787796,0.0,0.53670716,0.34466016,0.021660457999999997,0.0,0.13782912,0.44936562,0.53063244,0.0,0.0,0.0,0.0,0.0,0.0,0.15218912,0.27829295,0.38000315,0.0,0.0,0.3227949,1
0.0,0.0,0.589727,0.0,0.101293735,0.34431073,0.0,0.49542832,0.0,0.07861226,0.0,0.31023198,0.39432480000000003,0.09348263,0.025214804,0.119617485,0.49093685,0.6998021,0.0,0.0,0.0,0.0,0.08620579,0.0,0.1398887,0.28823254,0.12258821,0.0,0.0,0.22262852,1
0.0,0.0,0.566032,0.0,0.0,0.16274446,0.19901770000000002,0.17099456,0.0,0.0,0.0,0.11068225,0.73829186,0.0,0.040769406,0.1375411,0.59529734,0.62142664,0.0,0.0,0.0,0.064968236,0.28708285,0.0,0.49441212,0.110426165,0.0,0.0,0.046731398,0.009236405,1
0.0,0.0,0.5348582,0.0,0.0,0.40983444,0.06947825,0.6614736999999999,0.0,0.045166947,0.0,0.7254263000000001,0.78371614,0.023083057,0.0,0.35665455,0.47769275,0.8700496999999999,0.26832122,0.0,0.0,0.024551693,0.09623125,0.0,0.56946665,0.45798668,0.43251345,0.0,0.0,0.2835041,0
0.0,0.0,0.5555763000000001,0.0,0.0,0.38637534,0.015218768,0.40519935,0.0,0.0129555585,0.0,0.5712541999999999,0.58929235,0.0,0.0,0.26581872,0.60742784,0.6963908000000001,0.015420838000000001,0.0,0.0,0.0,0.024293946,0.0,0.37945324,0.33992964,0.22386685,0.0,0.0,0.24273688,0
0.0,0.05271378,0.7117595,0.0,0.061525587,0.3632886,0.0,0.6809544,0.0,0.05359304,0.0,0.19902456,0.311783,0.041502718,0.05818163,0.042305253,0.55887145,0.8083005999999999,0.0,0.0037884563,0.0,0.0,0.25527126,0.0,0.049849197000000005,0.2594593,0.16058183,0.0,0.0,0.06396252,0
0.0,0.0,0.49885124,0.0,0.0,0.542321,0.0,0.44706553,0.0,0.0,0.0,0.49433923,0.6464741999999999,0.13271306,0.14528798,0.32013769999999997,0.68940467,0.77004665,0.13342789,0.0,0.0,0.17074788,0.4001082,0.0,0.5736541000000001,0.44340593,0.37957913,0.0,0.0,0.0,1
0.0,0.0,0.33904785,0.0,0.0,0.18936957,0.044137213,0.57015735,0.0,0.15153758,0.0,0.34298244,0.50842583,0.0068027135,0.007225965,0.012616545,0.54484016,0.6408255,0.15232246,0.0,0.0,0.0,0.24136733,0.0,0.40579772,0.36667982,0.15146253,0.0,0.05127027,0.0,1
0.03769163,0.06288757,0.3462646,0.0,0.0,0.45212440000000004,0.0,0.85003203,0.0,0.037340708,0.0,0.40930733,0.1682445,0.36331728,0.16166435,0.0,0.6031441,0.50824225,0.37334484,0.08642418,0.0,0.0,0.36588135,0.0,0.093377486,0.2915563,0.42199942,0.0,0.0,0.0,0
0.0,0.0,0.27500746,0.0,0.0,0.23748349,0.082690455,0.7209205,0.0,0.08081272,0.0,0.2762832,0.44262955,0.10133326,0.07870444,0.0094608795,0.32665370000000005,0.61504585,0.089714944,0.0,0.0,0.0,0.096565925,0.0,0.2823607,0.14449084,0.14564186,0.0,0.0,0.12839007,1
0.0,0.0,0.43263555,0.0,0.0,0.41355264,0.0,0.9525754999999999,0.0,0.0,0.0,0.54261804,0.16748188,0.24266937,0.067898184,0.09841055,0.8091592,0.7076591,0.34265104,0.0,0.0,0.0,0.30271694,0.0,0.11078579999999999,0.34265372,0.48211850000000006,0.0,0.0,0.13478969,0
0.0,0.0,0.4963629,0.0,0.015118586000000002,0.41078496,0.041930012,0.41789997,0.0,0.06284634,0.0,0.58745164,0.53768504,0.0,0.0,0.21938269,0.58562434,0.7039754,0.020241287,0.0,0.0,0.0,0.0,0.0,0.30558643,0.32021645,0.30051762,0.0,0.0,0.26680562,0
0.0,0.43253303,0.6196469,0.0,0.014353959,0.13577351,0.13731235,0.32175390000000004,0.0,0.0,0.0,0.23941417,0.6960899,0.0,0.03428512,0.03440122,0.77156925,0.7400699000000001,0.42207766,0.0,0.0,0.0,0.7043560000000001,0.0,0.46551502,0.3512917,0.0,0.0,0.19678946,0.0,0
0.0,0.16183572,0.38513687,0.0,0.0,0.09890938,0.17811151,0.0,0.0,0.094750136,0.0,0.054227177,0.7973751,0.0,0.0010415792999999998,0.10678231,0.253079,0.6448876,0.0,0.0,0.0,0.0,0.11802283,0.0,0.44506863,0.1925667,0.0,0.0,0.19829623,0.0,1
0.0,0.0,0.499934,0.0,0.07876886400000001,0.42029208,0.007157919499999999,0.3853493,0.0,0.11156654,0.0,0.53213894,0.5210454000000001,0.04313652,0.0,0.24309006,0.48826309999999995,0.65992093,0.0,0.0,0.0,0.0,0.0,0.0,0.27256563,0.3621824,0.20430407,0.0,0.0,0.3038797,0
0.0,0.01909435,0.47973879999999997,0.0,0.12261737,0.27914914,0.042440265,0.45748952,0.0,0.09824735,0.0,0.09716378,0.32987902,0.094028585,0.10081921,0.0002983897,0.35900479999999996,0.6515473,0.0,0.0,0.0,0.0,0.07764426599999999,0.0,0.056404367000000004,0.1409221,0.10051777,0.0,0.0,0.065155566,1
0.25811416,0.19856928,0.13642028,0.0,0.0,0.4560214,0.0,0.46788195,0.0,0.02798314,0.0,0.4704637,0.49263015,0.12225927,0.28510663,0.09547265,0.69655645,0.5487243,0.43528008,0.21306495,0.0,0.18445154,0.46172968,0.0,0.5110346,0.29188159999999996,0.3680089,0.0,0.0,0.0,0
0.0,0.072412066,0.47271440000000003,0.0,0.019337576000000002,0.28128332,0.17093459,0.41459808,0.0,0.0,0.0,0.23535016,0.5872998,0.10430588,0.1515066,0.028559427999999998,0.37586379999999997,0.6212859000000001,0.13748115,0.0,0.0,0.11448364,0.10844083,0.0,0.23375578,0.16312547,0.14262085,0.0,0.0,0.011813613,1
0.07152678,0.021976415,0.36692223,0.0,0.0,0.33288090000000004,0.0,0.7304089,0.0,0.0,0.0,0.15748262,0.3404446,0.27703008,0.1324881,0.012127085,0.6172413,0.56871694,0.38301784,0.0,0.0,0.007429366,0.44316769999999994,0.0,0.43074563,0.3189563,0.2969564,0.0,0.0,0.0,1
0.0,0.0,0.43501648,0.0,0.0,0.46831366,0.0,0.52378976,0.0,0.0,0.0,0.42249840000000005,0.56134677,0.2683492,0.15526067,0.24620593,0.6009,0.7348203000000001,0.28980170000000005,0.0,0.0,0.14489152,0.405577,0.0,0.55414903,0.4052901,0.3998243,0.0,0.0,0.029003700000000004,1
0.0,0.0,0.51164144,0.0,0.06735197,0.22406055,0.26444584,0.4534469,0.0,0.21666504,0.0,0.30965963,0.8002372,0.05019615,0.059619017,0.09288946,0.16004781,0.75902206,0.10286178,0.0,0.0,0.03979799,0.036313146,0.0,0.3379716,0.19766672,0.15355287,0.0,0.0,0.0,1
0.0,0.0,0.5613863,0.0,0.0,0.40781993,0.11078849,0.8864494,0.0,0.029622927,0.0,0.82178646,0.59522593,0.02795698,0.0,0.20553389,0.69881445,0.83473647,0.34618708,0.0,0.0,0.0059387730000000005,0.008206357,0.0,0.32352420000000004,0.44209972,0.5478863,0.0,0.0,0.27256048,0
0.0,0.099624,0.37562972,0.0,0.041512057000000005,0.35070747,0.10988347,0.5029415,0.0,0.0,0.0,0.30216149999999997,0.56980705,0.27071455,0.29176378,0.07994041,0.41296983,0.6426649999999999,0.16939758,0.0,0.0,0.1719586,0.07187165,0.0,0.17499068,0.19377226,0.26926818,0.0,0.0,0.0008627795599999999,1
0.072345644,0.05275083,0.16838647,0.0,0.0,0.57359415,0.018162123999999998,0.47043434,0.0,0.0092838,0.0,0.4563639,0.33548993,0.13404122,0.09936487,0.010826051000000001,0.5976071999999999,0.6550935,0.44476736,0.17179933,0.0,0.18908975,0.4921478,0.0,0.5001834,0.3817696,0.3583272,0.0,0.0,0.010547118000000001,0
0.0,0.0,0.72684443,0.0,0.0,0.4134145,0.0,0.8080871999999999,0.0,0.06047759999999999,0.0,0.35287023,0.36097579999999996,0.01474559,0.08272634,0.002028007,0.45187855,0.79874265,0.19276512,0.0,0.0,0.0,0.21629408,0.0,0.13663423,0.30961666,0.30500346,0.0,0.0,0.053037073,0
0.00084906677,0.25348067,0.16189294,0.0,0.0,0.25479978,0.03772763,0.65081847,0.0,0.026931952999999998,0.0,0.26166773,0.3085733,0.12240947,0.14642245,0.0,0.5176527,0.4411354,0.27916384,0.20211306,0.0,0.09551692,0.31949404,0.0,0.16374871,0.110646695,0.14942914,0.0,0.0,0.0,1
0.0,0.0,0.44689316,0.0,0.0,0.5600919,0.0,0.6000513000000001,0.0,0.027924083,0.0,0.45169201,0.49944732,0.19606929,0.12843177,0.2113525,0.59081686,0.68669504,0.33081377,0.0,0.0,0.15210524,0.42798559999999997,0.0,0.5601148,0.40321007,0.4793111,0.0,0.0,0.00094013894,1
0.0,0.0,0.36044145,0.0,0.0,0.42815820000000004,0.0,0.6300667,0.0,0.0,0.0,0.35242122,0.23620558,0.39136973,0.16201054,0.1306362,0.5482278,0.41229224,0.28272945,0.0,0.0,0.07672380000000001,0.23520553,0.0,0.17171745,0.28470690000000004,0.570631,0.0,0.0,0.06083704,1
0.0,0.0,0.4671281,0.0,0.0,0.5180022,0.0,0.6718808000000001,0.0,0.0,0.0,0.6297024999999999,0.39523217,0.16085532,0.09862929,0.25047213,0.7671806,0.6857439999999999,0.19240047,0.0,0.0,0.031803682,0.24530864,0.0,0.29720572,0.37797746,0.53657037,0.0,0.0,0.13439496,0
0.0,0.0,0.42618364,0.0,0.0,0.5018435,0.0,0.8122575,0.0,0.051804714,0.0,0.6030418000000001,0.3290277,0.26457646,0.10731662,0.19546862,0.7345934000000001,0.6796701999999999,0.30304372,0.0,0.0,0.0,0.2403901,0.0,0.23790522,0.37488732,0.57217324,0.0,0.0,0.11965584,0
0.0,0.10696072,0.6479105,0.0,0.0034789075,0.30508503,0.0,0.7385813,0.0,0.01731709,0.0,0.1712624,0.2791349,0.05935564,0.06540380400000001,0.0,0.52980816,0.7317005,0.0,0.0,0.0,0.0,0.30723432,0.0,0.037589893,0.17943133,0.054114986,0.0,0.0,0.0053817877000000005,0
0.0,0.0,0.5475868,0.0,0.05692708,0.33538935,0.0,0.5245795,0.0,0.03157374,0.0,0.5086549,0.44972745,0.053171244000000006,0.02253564,0.16562282,0.5550626000000001,0.668664,0.022592071000000002,0.0,0.0,0.0,0.008397883,0.0,0.19508129999999999,0.32132009999999994,0.2671073,0.0,0.0,0.23688920000000002,1
0.0,0.0,0.37109970000000003,0.0,0.0,0.6455911,0.0,0.5629911999999999,0.0,0.0,0.0,0.6113732,0.51050293,0.24506283,0.16658293,0.30580828,0.76009405,0.6819392,0.35412052,0.0,0.0,0.15580639,0.42133477,0.0,0.5285649,0.44865912,0.551725,0.0,0.0,0.005020103,0
0.003769536,0.0,0.39764583,0.0,0.0,0.3014699,0.0,0.5275441999999999,0.0,0.20299292,0.0,0.36728459999999996,0.45261586,0.034681283,0.0,0.06786867,0.3816929,0.4737065,0.13796555,0.0,0.0,0.0,0.22588626,0.0,0.45484063,0.42951563,0.24948731,0.0,0.0,0.09086205,1
0.0,0.0,0.6674376000000001,0.0,0.09062855,0.36961567,0.16271949,0.3669146,0.0,0.13142298,0.0,0.33421412,0.76923615,0.0,0.0,0.24625567,0.47953036,0.9478525,0.0,0.0,0.0,0.0,0.041530000000000004,0.0,0.4055034,0.23851496,0.0,0.0,0.040326767,0.15414029999999998,0
0.0,0.0,0.5611921,0.0,0.0,0.41529635,0.027335063,0.8316783000000001,0.0,0.014357506,0.0,0.741028,0.56660557,0.07955873,0.0,0.25728196,0.78561234,0.8259877,0.3058247,0.0,0.0,0.0,0.16778815,0.0,0.3720928,0.4682736,0.45948404,0.0,0.0,0.21905497,0
0.0,0.0,0.30380450000000003,0.0,0.025883699,0.20878485,0.12212357,0.48552084,0.0,0.25317657,0.0,0.2604287,0.4889673,0.041656148,0.0,0.081054054,0.24399416,0.48976356,0.10727446,0.0,0.0,0.0,0.02380669,0.0,0.24511710000000003,0.2815164,0.02690976,0.0,0.0,0.0,1
0.0,0.0,0.55628633,0.0,0.0,0.4459362,0.0,0.9534159,0.0,0.012670335,0.0,0.8611521000000001,0.4533375,0.12899019,0.0,0.2621763,0.85381585,0.79757756,0.37121642,0.0,0.0,0.0,0.22785453,0.0,0.41241905,0.52873373,0.56985116,0.0,0.0,0.23138176,0
0.0,0.0,0.48960266,0.0,0.0,0.5821556999999999,0.0,0.69028246,0.0,0.0,0.0,0.45895058,0.46206790000000003,0.24760273,0.14156537,0.23420127,0.67125374,0.7541920999999999,0.16036135,0.0,0.0,0.06996360000000001,0.27694,0.0,0.31412625,0.35762098,0.51257056,0.0,0.0,0.03866996,0
0.0,0.0,0.15075949,0.0,0.0,0.5919591,0.0,0.79613996,0.0,0.0,0.0,0.5271128,0.16785696,0.3970618,0.09488724,0.14957777,0.6475850000000001,0.64953405,0.64240146,0.0,0.0,0.00785204,0.4295183,0.0,0.27018768,0.48677143,0.588376,0.0,0.0,0.0,1
0.0,0.0,0.38360703,0.0,0.0,0.39627729999999994,0.024621557000000002,0.26205745,0.0,0.0,0.0,0.36875840000000004,0.5927009,0.0,0.0462627,0.28147098,0.5627084,0.5717156,0.0,0.0,0.0,0.0,0.21942444,0.0,0.51565194,0.25764424,0.116847,0.0,0.0,0.13092782,1
0.0,0.0,0.4235202,0.0,0.015178757,0.26737690000000003,0.062721394,0.28684518,0.0,0.0,0.0,0.3294178,0.483436,0.0,0.052035347,0.17183034,0.38521755,0.55822456,0.07025635,0.0,0.0,0.06449139,0.11354304,0.0,0.29534933,0.22941254,0.15945414,0.0,0.0,0.055154725999999994,0
0.0,0.0,0.5636498000000001,0.0,0.05935997,0.32454702,0.0,0.53782076,0.0,0.038511958,0.0,0.53380275,0.46440297,0.08256186,0.038283616,0.1739494,0.6143041,0.69426566,0.023972819,0.0,0.0,0.0,0.01697136,0.0,0.16779862,0.31411459999999997,0.31555959999999994,0.0,0.0,0.23918413,1
0.0,0.0,0.13820514,0.0,0.0,0.26680547,0.0,0.6682625,0.0,0.012625896000000001,0.0,0.18222687,0.22514689,0.29591128,0.1165766,0.021035472000000003,0.35776696,0.49550238,0.13367373,0.0,0.0,0.013391891999999999,0.24027692,0.0,0.2949509,0.16133751,0.26288140000000004,0.009811904,0.0,0.05747832,0
0.0,0.0,0.5004154000000001,0.0,0.0032167844,0.39048803,0.0,0.68464994,0.0,0.0,0.0,0.69125336,0.36167848,0.10171813,0.019215409,0.22446509,0.65500426,0.64213765,0.13465396,0.0,0.0,0.0,0.08242171,0.0,0.26393247,0.41149375,0.47916514,0.0,0.0,0.2595735,0
0.0,0.45751572,0.46507692,0.0,0.11980165,0.24779043,0.00423669,0.44822362,0.0,0.14998938,0.0,0.27831849999999997,0.60794663,0.0,0.10562176,0.0,0.6345024,0.77646166,0.42407079999999997,0.021607107,0.0,0.0,0.6000873000000001,0.0,0.3188247,0.38629857,0.14291888,0.0,0.17984793,0.0,0
0.0,0.0,0.7569719,0.0,0.0,0.41744754,0.15462895,0.5992522,0.0,0.018336227,0.0,0.7355554,0.8588551999999999,0.0,0.0,0.30996153,0.49009588,0.8178588999999999,0.18160199,0.0,0.0,0.023253457999999998,0.08421717,0.0,0.45252284,0.34417233,0.45356026,0.0,0.0,0.19546755,0
0.0,0.0,0.49489859999999997,0.0,0.0,0.53962255,0.0,0.72730577,0.0,0.047283005,0.0,0.6257709,0.37151880000000004,0.21860949999999998,0.07268674,0.25382215,0.6842665,0.6549699999999999,0.20393988,0.0,0.0,0.0,0.17156455,0.0,0.23813567,0.39334914,0.5729755999999999,0.0,0.0,0.12647225,0
0.0,0.0364815,0.7219749,0.0,0.062181037,0.36986620000000003,0.0,0.6642853,0.0,0.067634664,0.0,0.29636127,0.35614702,0.018994002,0.047506205999999995,0.0629567,0.6118882,0.8369066999999999,0.0022561960000000002,0.0,0.0,0.0,0.23794287,0.0,0.04616636,0.26866972,0.1909129,0.0,0.0,0.04333357,0
0.0,0.0055354675,0.38218462,0.0,0.02659712,0.36306679999999997,0.0,0.6842142,0.0,0.041883565,0.0,0.14954302,0.16272899999999998,0.19527313,0.072568744,0.036153436000000004,0.5014356,0.6697772,0.21165985,0.0,0.0,0.0,0.28629735,0.0,0.040183872,0.25245136,0.23021129,0.0,0.0,0.014102647,1
0.0,0.0,0.67137253,0.0,0.0958385,0.34805945,0.0,0.3865868,0.0,0.14102718,0.0,0.2791582,0.5221283,0.0,0.0,0.14187427,0.5029517,0.76320356,0.0,0.0,0.0,0.0,0.043465502999999996,0.0,0.21204428,0.30432594,0.028976982000000002,0.0,0.0,0.21999066,1
0.0,0.0,0.41847970000000007,0.0,0.0,0.5240377,0.0,0.8942037,0.0,0.09139573,0.0,0.5434286,0.12942582,0.24360165,0.04943738,0.15487278,0.56737655,0.4908982,0.35111257,0.0,0.0,0.0,0.37606755,0.0,0.24371459,0.49853492,0.42409223,0.0,0.0,0.035042132999999996,1
0.0,0.0,0.4469436,0.0,0.0,0.58539826,0.0,0.7204060999999999,0.0,0.04616198,0.0,0.6106273,0.32164258,0.23089604,0.0986133,0.17990924,0.6488373000000001,0.7311333999999999,0.28057859999999996,0.0,0.0,0.0,0.21738407,0.0,0.24706163,0.40768990000000005,0.54503983,0.0,0.0,0.1126183,0
0.0,0.0,0.49424636,0.0,0.0,0.5613561,0.0,0.72755533,0.0,0.0,0.0,0.58876294,0.4131094,0.25155348,0.10255728,0.23075385,0.7226256,0.7247571999999999,0.22759828,0.0,0.0,0.010409684,0.20186083,0.0,0.26357535,0.39451313,0.5559265,0.0,0.0,0.14877044,0
0.0,0.0,0.5120889,0.0,0.07020207,0.38275734,0.007880077,0.43238896,0.0,0.06970799,0.0,0.59034675,0.67072093,0.0,0.038041037,0.2535484,0.62939733,0.8373780000000001,0.07483834,0.0,0.0,0.0,0.05949881,0.0,0.45181945,0.38516244,0.24754438,0.0,0.00066453125,0.32880765,0
0.0,0.0,0.57708526,0.0,0.14550175,0.26301664,0.04586443,0.01984505,0.0,0.19560015,0.0,0.2108284,0.6267114,0.0,0.0,0.21763356,0.39758605,0.6925231,0.0,0.0,0.0,0.0,0.0,0.0,0.32348385,0.26068625,0.0,0.0,0.100673296,0.18610188,1
0.0,0.14194688,0.693657,0.0,0.15227716,0.25792600000000004,0.25705287,0.004140377,0.0,0.28869072,0.0,0.075625435,0.7763781999999999,0.0,0.0,0.05352089,0.42663583,0.9036909,0.0,0.0,0.0,0.0,0.0,0.0,0.36082190000000003,0.26015818,0.0,0.0,0.34984094,0.032010697000000005,1
0.05826761,0.0,0.29593736,0.0,0.0,0.34320688,0.0,0.6865011999999999,0.0,0.041892536,0.0,0.34159340000000005,0.28507623,0.23339228,0.09022697,0.07528289,0.61148065,0.40849864,0.21204676,0.10430862,0.0,0.032274227999999995,0.33987293,0.0,0.22212686,0.28752044,0.36882252,0.0,0.0,0.0,0
0.0,0.10324219,0.31815365,0.0,0.0,0.55385786,0.08589904,0.32640484,0.0,0.0,0.0,0.28730232,0.60984683,0.035028297,0.20368782,0.15855223,0.7532928000000001,0.70805144,0.32078472,0.0,0.0,0.21583591,0.50644267,0.0,0.5193509,0.3668389,0.29989842,0.0,0.093101844,0.0,0
0.0,0.0,0.60750765,0.0,0.10781181,0.28906709999999997,0.0,0.37571684,0.0,0.12502566,0.0,0.1948161,0.48746988,0.01975101,0.03811082,0.07789384,0.40824622,0.7013020000000001,0.0,0.0,0.0,0.0,0.07889555,0.0,0.1644806,0.22621672,0.0,0.0,0.0,0.14891712,1
0.0,0.09450261,0.25531986,0.0,0.0,0.20833488,0.0,0.62234956,0.0,0.0,0.0,0.19939716,0.34478864,0.3081743,0.25547853,0.058938704,0.47211304,0.45618668,0.24953087,0.025339847000000002,0.0,0.12597889,0.43640109999999993,0.0,0.21802002,0.14665088,0.429149,0.0,0.0,0.0,1
0.0,0.0,0.51695895,0.0,0.0,0.35891756,0.09153689,0.40660563,0.0,0.020796813,0.0,0.32432459999999996,0.5500066,0.0,0.07259944,0.13999581,0.40756255,0.66590685,0.039991114,0.0,0.0,0.06355284,0.17818709,0.0,0.33149335,0.27333979999999997,0.22678179999999998,0.0,0.0,0.0,0
0.0,0.0,0.6113418,0.0,0.0,0.48876756,0.25792643,0.4836333,0.0,0.1420106,0.0,0.5717267,0.71108687,0.0,0.14399682,0.17875127,0.9133363999999999,1.0061153,0.36392158,0.0,0.0,0.0,0.48383734,0.0,0.50066054,0.4160085,0.3435579,0.0,0.14883712,0.0,1
0.0,0.0,0.56910616,0.0,0.11768809,0.32521725,0.0,0.469171,0.0,0.09800152,0.0,0.27577424,0.3807561,0.10024901,0.046429828,0.1173276,0.43381906,0.6573128,0.0,0.0,0.0,0.0,0.037758436,0.0,0.09445462,0.26790559999999997,0.12044265,0.0,0.0,0.21192001,1
0.0,0.0,0.5872038,0.0,0.06099267,0.4259099,0.0,0.6598407,0.0,0.043450035,0.0,0.57613426,0.54867053,0.0,0.09693789,0.12748367,0.763497,0.9897166,0.21301271,0.0,0.0,0.0,0.29492009999999996,0.0,0.29335338,0.42745975,0.28752880000000003,0.0,0.034867346,0.1549616,0
0.0,0.0,0.44872355,0.0,0.0,0.29702340000000005,0.0,0.7002914000000001,0.0,0.0,0.0,0.31196043,0.34654433,0.18128201,0.14728633,0.0,0.47447985,0.7435273,0.16144224,0.0,0.0,0.0,0.26985627,0.0,0.21138829999999997,0.1646376,0.23983215,0.0,0.0,0.24408047,1
0.0,0.0,0.25100568,0.0,0.0,0.3521351,0.0,0.66137594,0.0,0.10785442,0.0,0.33611715,0.5098545999999999,0.19308563,0.09443779,0.12915,0.4161237,0.6815022,0.13011591,0.0,0.0,0.0,0.30601403,0.0,0.54290485,0.34324685,0.22958383,0.0,0.0,0.13457674,0
0.0,0.0,0.47222576,0.0,0.10207125,0.32908273,0.027486,0.24755327,0.0,0.07895909,0.0,0.5321574,0.604036,0.0,0.0,0.2596906,0.5820957,0.72044045,0.015124723,0.0,0.0,0.0,0.0021258607,0.0,0.3796095,0.32603678,0.18882707,0.0,0.038131095,0.19976366,1
0.0,0.0,0.54807895,0.0,0.0,0.47284758,0.0,0.63573605,0.0,0.0,0.0,0.59205693,0.39698792,0.18631503,0.057849076,0.24367169,0.64583534,0.6927181,0.10888328,0.0,0.0,0.0,0.13449271,0.0,0.28258786,0.44096342,0.48072076,0.0,0.0,0.21196978,0
0.0,0.0,0.71503925,0.0,0.11115741,0.39192653,0.10617389,0.34017912,0.0,0.16243282,0.0,0.3387663,0.7319154999999999,0.0,0.0,0.24857265,0.4737081,0.9574562,0.0,0.0,0.0,0.0,0.004782051,0.0,0.33624372,0.28151329999999997,0.0,0.0,0.0319151,0.15248632,0
0.0,0.025282469,0.46411914,0.0,0.0,0.33182105,0.0,0.45546213,0.0,0.0757586,0.0,0.34989643,0.34514648,0.09590119999999999,0.11264880000000001,0.15534614,0.67847866,0.5050652,0.23902588,0.0,0.0,0.0,0.48717225,0.0,0.27311847,0.31379387,0.21306020000000003,0.0,0.0,0.0,1
0.0,0.0,0.4755021,0.0,0.04311935,0.41380975,0.008699089,0.5193181,0.0,0.053057562999999995,0.0,0.5660254,0.43602979999999997,0.052651002999999995,0.0,0.19512571,0.5290585999999999,0.70950735,0.014416856,0.0,0.0,0.0,0.0,0.0,0.30674472,0.34085524,0.31496918,0.0,0.0,0.31981748,0
0.0,0.0,0.63177943,0.0,0.08144964,0.30857942,0.037337765,0.2468931,0.0,0.15684594,0.0,0.33878452,0.6113632,0.0,0.0,0.15473275,0.43493256,0.74272853,0.0,0.0,0.0,0.0066093095,0.013536864,0.0,0.28255227,0.36026440000000004,0.12756202,0.0,0.0034717126000000003,0.20679946,1
0.0,0.0,0.45846328,0.0,0.0,0.53375953,0.0,0.7677793,0.0,0.08723933,0.0,0.43081048,0.28691357,0.26603392,0.08317352,0.18338065,0.5912548000000001,0.606272,0.19402419,0.0,0.0,0.017780462,0.28601584,0.0,0.2013491,0.31823525,0.47712840000000006,0.0,0.0,0.0,0
0.0,0.0,0.4084369,0.0,0.17386344,0.281037,0.0671472,0.27956572,0.0,0.0,0.0,0.19886963,0.29950514,0.09019377,0.07546605,0.08293052,0.39087802,0.60056794,0.0,0.0,0.0,0.0,0.045689903,0.0,0.11691293,0.14595114,0.123198785,0.0,0.0,0.19230826,1
0.0,0.0,0.40158940000000004,0.0,0.014920171000000001,0.26095363,0.0,0.37433234,0.0,0.12275547,0.0,0.20592976,0.5418155,0.008262212,0.0,0.11631977,0.30226529999999996,0.64960635,0.0,0.0,0.0,0.0,0.08614872,0.0,0.40180412,0.28487095,0.0,0.0,0.0,0.11949288,1
0.0,0.070408076,0.5844008,0.0,0.12786987,0.19332979999999997,0.0937157,0.028522521000000002,0.0,0.066016845,0.0,0.17994319,0.67411625,0.0,0.06188686,0.16374771,0.43945205,0.71487266,0.0,0.0,0.0,0.0,0.05613126,0.0,0.27047059999999995,0.22592041,0.0,0.0,0.07417424,0.16974708,1
0.0,0.0,0.27947322,0.0,0.0,0.39325738,0.0,0.6710826,0.0,0.17195371,0.0,0.48793408,0.6627981,0.025054144,0.018665038000000002,0.20248726,0.44767362,0.7573536,0.22155905,0.0,0.0,0.0,0.30991146,0.0,0.7274877,0.46339616,0.22767138,0.0,0.015275618999999999,0.14513367,0
0.0,0.0,0.7073149999999999,0.0,0.054434367000000004,0.37788679999999997,0.13964811,0.36701232,0.0,0.21435705,0.0,0.346879,0.8410018,0.0,0.0,0.2848441,0.398086,0.9335037,0.0,0.0,0.0,0.0,0.020759095,0.0,0.43115765,0.31521216,0.0,0.0,0.05912844,0.10129662,0
0.07286951,0.04799269,0.21550202,0.0,0.0,0.31597465,0.0,0.6222118000000001,0.0,0.01968834,0.0,0.3193092,0.32808578,0.2528368,0.14948174,0.051538937,0.6976825,0.45500228,0.2832631,0.040030345,0.0,0.0,0.49606237,0.0,0.32549602,0.2703023,0.24069545,0.0,0.0,0.0,0
0.0,0.0,0.37913498,0.0,0.0,0.43675256,0.0,0.8641938,0.0,0.031201757000000004,0.0,0.47148478,0.16296552,0.13916859,0.0,0.16755866,0.6284313,0.6027880999999999,0.24395141,0.0,0.0,0.0,0.26081243,0.0,0.33127399999999996,0.3620784,0.33440867,0.0,0.0,0.12265394,0
0.0,0.0,0.51591456,0.0,0.0,0.5128537000000001,0.0,0.97995114,0.0,0.09426819,0.0,0.52548134,0.24845217,0.070569366,0.05502778,0.10904986400000001,0.7996439000000001,0.8221539000000001,0.253607,0.0,0.0,0.0,0.48830074,0.0,0.31106493,0.4763992,0.3398496,0.0,0.0,0.07337654,0
0.0,0.0,0.64580196,0.0,0.04358171,0.4003105,0.18745889,0.17381708,0.0,0.005877767,0.0,0.34914517,0.62327147,0.0,0.04442378,0.14494829,0.5739124,0.9084931,0.20744352,0.0,0.0,0.0,0.32057247,0.0,0.4608244000000001,0.30846307,0.1779166,0.0,0.0,0.22564627,1
0.0,0.0,0.57174176,0.0,0.08326639,0.35407612,0.0,0.48823905,0.0,0.08120195,0.0,0.31913236,0.41263992,0.07652601,0.0,0.14165783,0.51456976,0.69662523,0.0,0.0,0.0,0.0,0.10790383,0.0,0.17489588,0.29536664,0.12094635,0.0,0.0,0.18170379,1
0.0,0.0,0.48834196,0.0,0.09700357,0.35492470000000004,0.0,0.5562564,0.0,0.06405830000000001,0.0,0.5351606,0.42645314,0.13392767,0.062429755999999996,0.16531177,0.5474938,0.72448087,0.019573326999999998,0.0,0.0,0.0,0.0,0.0,0.13345724,0.31755059999999996,0.40413544,0.0,0.0,0.24626864,0
0.0,0.19901423,0.61773205,0.0,0.1375968,0.20586449,0.25970882,0.06314859,0.0,0.27222648,0.0,0.028419735,0.67960113,0.0,0.0,0.0,0.37828848,0.82311976,0.0,0.0,0.0,0.0,0.025478547,0.0,0.30837572,0.1951369,0.0,0.0,0.31286529999999996,0.0,1
0.03939262,0.0,0.33786079999999996,0.0,0.0,0.64316905,0.0,0.5964027,0.0,0.036629625,0.0,0.5172767,0.40927399999999997,0.11230494,0.10376138,0.17009701,0.7746885,0.7115954000000001,0.30579472,0.0,0.0,0.056181807,0.5189515,0.0,0.47375658,0.36073905,0.37317908,0.0,0.0,0.0,0
0.03658073,0.0,0.32820636,0.0,0.0,0.5084151,0.0,0.79329437,0.0,0.08138561,0.0,0.43743005,0.16519174,0.27270874,0.11610061,0.114526436,0.6685506999999999,0.5307202,0.36581206,0.0,0.0,0.0,0.41538087,0.0,0.25481665,0.338469,0.47512954,0.0,0.0,0.0,0
0.0,0.0,0.5862833000000001,0.0,0.001784612,0.48985294,0.0,0.6580799,0.0,0.024048022999999998,0.0,0.5962814999999999,0.4546704000000001,0.14403513,0.022247905,0.25775817,0.6666852,0.71425825,0.09482552,0.0,0.0,0.0,0.08829677,0.0,0.24123855,0.36184588,0.47648149999999995,0.0,0.0,0.18230535,0
0.0,0.0,0.62808704,0.0,0.0,0.42224434,0.005092189600000001,0.9083355,0.0,0.015282924,0.0,0.81094825,0.50016505,0.10137573,0.0,0.21891782,0.7945124,0.8226429,0.329782,0.0,0.0,0.0,0.173939,0.0,0.36638119999999996,0.48526725,0.517037,0.0,0.0,0.26075742,0
0.0,0.2045535,0.51866275,0.0,0.0,0.28885382,0.35421090000000005,0.23836862,0.0,0.22893839,0.0,0.0603273,0.7964768,0.0,0.0,0.0,0.25881305,0.82602286,0.11889316,0.0,0.0,0.08255724,0.1903885,0.0,0.44498366,0.20369038,0.0,0.0,0.0,0.0,1
0.0,0.040397055,0.72773266,0.0,0.15346003,0.29127565,0.26936570000000004,0.17744952,0.0,0.15535514,0.0,0.19111668,0.84579647,0.0,0.008625769,0.19420604,0.5304366,0.9994930000000001,0.0,0.0,0.0,0.0,0.05679199,0.0,0.30117425,0.27262768,0.0,0.0,0.11976258,0.04128013,0
0.20913105,0.039154135,0.21195519,0.0,0.0,0.34209466,0.04166063,0.2555729,0.0,0.006960586600000001,0.0,0.36379814,0.5889006999999999,0.0,0.14190513,0.14408003,0.6436069000000001,0.45170775,0.21639302,0.059089035,0.0,0.18289608,0.40885532,0.0,0.5958876999999999,0.35321040000000004,0.18745893,0.0,0.0058053797,0.0,0
0.0,0.0,0.6035684,0.0,0.0,0.46051726,0.077780806,0.66958904,0.0,0.0,0.0,0.6915409,0.8234087,0.0,0.0,0.32392719999999997,0.35204008,0.82553333,0.18190749,0.0,0.0,0.0,0.054611728,0.0,0.59099686,0.40742259999999997,0.35215630000000003,0.0,0.0,0.30149543,0
0.0,0.0,0.5526346,0.0,0.0,0.51739156,0.0,0.4467184,0.0,0.068113096,0.0,0.55024904,0.47997212,0.020825762,0.039072245,0.28069133,0.6547852,0.7239177,0.13834956,0.0,0.0,0.110926524,0.39485762,0.0,0.50508714,0.48954448,0.48769218,0.0,0.0,0.04752401,1
0.0,0.0,0.4558155,0.0,0.0,0.5576068000000001,0.0,0.6765766,0.0,0.04128583,0.0,0.47723398,0.3641505,0.28647372,0.14621689999999998,0.16432294,0.61514235,0.6280482,0.329204,0.0,0.0,0.09114462,0.32941383,0.0,0.27544582,0.3693264,0.57368267,0.0,0.0,0.019368128999999998,0
0.0,0.0,0.74545157,0.0,0.04492899,0.21133462,0.08790624,0.19256781,0.0,0.030040827000000003,0.0,0.3327571,0.6905949,0.0,0.0,0.17753164,0.5105465,0.75119656,0.0,0.0,0.0,0.031280335,0.07234389,0.0,0.32947212,0.32661211,0.0039722524,0.0,0.059120886,0.17353263,1
0.25547782,0.09454547599999999,0.12502928,0.0,0.0,0.3239628,0.0,0.32385865,0.0,0.0013994118,0.0,0.33508709999999997,0.42796769999999995,0.029925972000000002,0.16594614,0.01778629,0.66845304,0.36458996,0.23111592,0.1999375,0.0,0.16666694,0.5081986,0.0,0.5356525,0.32200792,0.18293977,0.0,0.0,0.0,0
0.0,0.009226194,0.46402633,0.0,0.063120306,0.2671143,0.021704647999999997,0.32384609999999997,0.0,0.07878429,0.0,0.16275701,0.5099640999999999,0.010943850500000001,0.0,0.07145874,0.44074985,0.71388966,0.0,0.0,0.0,0.0,0.1184221,0.0,0.31503958,0.1756594,0.0,0.0,0.0,0.0180989,1
0.0,0.0,0.54031104,0.0,0.035824947,0.40454364,0.0,0.6201454000000001,0.0,0.09038994,0.0,0.4584577,0.36705565,0.07003561,0.02568982,0.13844007,0.68175524,0.7319361999999999,0.037426002,0.0,0.0,0.0,0.17236196,0.0,0.17049207,0.29748765,0.23803416,0.0,0.0,0.17864048,0
0.0,0.0,0.42136940000000006,0.0,0.0,0.47606313,0.0,0.9146120000000001,0.0,0.0071451664,0.0,0.60077554,0.5793304,0.18832897,0.036064792000000005,0.28001282,0.53824264,0.7685721999999999,0.30424458,0.0,0.0,0.09779849,0.24691710000000003,0.0,0.46870932,0.5941483,0.32230952,0.0,0.0,0.024250636000000002,0
0.0,0.0,0.404459,0.0,0.0,0.41464470000000003,0.0,0.63248646,0.0,0.0,0.0,0.37409058,0.3798092,0.35508522,0.12609555,0.19259213,0.57862616,0.45888606,0.12551625,0.0,0.0,0.09025165,0.18485759,0.0,0.23225023,0.28718483,0.45195782,0.0,0.0,0.042654652,1
0.0,0.0,0.519987,0.0,0.12153236,0.31762540000000006,0.0,0.24528357,0.0,0.12102966,0.0,0.27382722,0.5826903,0.009409379,0.0,0.2312925,0.39461374,0.70488477,0.0,0.0,0.0,0.0,0.0,0.0,0.3509139,0.22999193,0.0,0.0,0.0,0.23362878,1
0.0,0.0,0.32005748,0.0,0.0,0.23845147,0.21676688,0.5709152,0.0,0.11220865,0.0,0.16778220000000002,0.33331442,0.24328178,0.07925778,0.0,0.3408266,0.44880942,0.29470828,0.0,0.0,0.0,0.023690118,0.0,0.13479175,0.296475,0.19741474,0.0,0.0,0.0796438,1
0.0,0.16659556,0.3504585,0.0,0.031534888,0.37851197,0.08845339,0.36242357,0.0,0.032261826,0.0,0.20411915,0.47855848,0.21266222,0.2509027,0.008259969,0.3606176,0.59251904,0.11397460000000001,0.10973342,0.0,0.25095305,0.08057952,0.0,0.21337953,0.19820982,0.27301884,0.0,0.0,0.0,1
0.0,0.0,0.48372313,0.0,0.07420271,0.34600317,0.0,0.5248071,0.0,0.023373164,0.0,0.46628106,0.32042044,0.11724566,0.05453887,0.13045216,0.5644938,0.6173907,0.046720363,0.0,0.0,0.0,0.03650833,0.0,0.08855685599999999,0.25900388,0.3187041,0.0,0.0,0.20233646,1
0.0,0.0,0.58497506,0.0,0.03926683,0.33033502,0.0,0.35124475,0.0,0.1028817,0.0,0.36087385,0.71140915,0.0154691925,0.0,0.27442443,0.40967858,0.79984236,0.0,0.0,0.0,0.0,0.06303334,0.0,0.46743166,0.30378303,0.0,0.0,0.09077736,0.24420147,1
0.0,0.0,0.5708664000000001,0.0,0.07601127,0.3150062,0.0,0.51641256,0.0,0.0389615,0.0,0.5032617,0.43920929999999997,0.101209246,0.0024163835,0.16340652,0.52970135,0.63036686,0.0,0.0,0.0,0.0,0.0,0.0,0.11882436,0.3048717,0.31764033,0.0,0.0,0.23872419,1
0.0,0.0,0.48693714,0.0,0.08507172,0.37125954,0.0,0.5385883,0.0,0.026188702999999997,0.0,0.6566152,0.5025697,0.016092055,0.0,0.25179395,0.72133666,0.7975237,0.029262356,0.0,0.0,0.0,0.025242377000000003,0.0,0.29788187,0.37048134,0.33535483,0.0,0.0,0.23270169,0
0.0,0.0,0.36743295,0.0,0.0,0.33440605,0.0,0.67360914,0.0,0.036415777999999996,0.0,0.2616564,0.27569982,0.15526968,0.11818988,0.014661061000000001,0.43322983,0.66547596,0.102748275,0.0,0.0,0.0,0.23170686,0.0,0.20711105,0.17035782,0.21729787,0.0,0.0,0.19167297,1
0.0,0.0,0.55830395,0.0,0.14030944,0.3337614,0.069389254,0.12373292400000001,0.0,0.13667776,0.0,0.39019635,0.71708816,0.0,0.0,0.23771109999999998,0.5506270000000001,0.7977268,0.0,0.0,0.0,0.0,0.0,0.0,0.39103162,0.34207764,0.0,0.0,0.037519492,0.22974716,1
0.0,0.06424819,0.63682073,0.0,0.08770728,0.2617776,0.10022468,0.30805079999999996,0.0,0.0,0.0,0.18680329999999998,0.6541689,0.09081427,0.06854451,0.14577782,0.51145077,0.78064144,0.0,0.0,0.0,0.00035288674,0.06516577,0.0,0.18548498,0.2027545,0.01292876,0.0,0.0,0.095830105,1
0.0,0.0,0.2837599,0.0,0.0,0.46908918,0.0,0.4973134,0.0,0.023931332000000003,0.0,0.40266383,0.31886858,0.16833377,0.13505925,0.09399214,0.6700025,0.5174078,0.25740105,0.08224343,0.0,0.03909843,0.4549826,0.0,0.3107899,0.3300976,0.33672032,0.0,0.0,0.0,0
0.0,0.19097595,0.68761855,0.0,0.13612427,0.20316935,0.19940039999999998,0.15621862,0.0,0.15263018,0.0,0.0,0.7178741,0.0,0.035179146,0.00742228,0.43432853,0.85378045,0.0,0.039946154,0.0,0.0,0.0039708344,0.0,0.17665778,0.17707403,0.0,0.0,0.0,0.020816894,1
0.0321472,0.0,0.23412035,0.0,0.0,0.27183515,0.0,0.62218887,0.0,0.0,0.0,0.27815032,0.34579840000000006,0.22645517,0.08692502,0.06674296,0.5427695,0.3821929,0.18250182,0.0,0.0,0.0,0.34196064,0.0,0.34039232,0.20107941,0.23535879999999998,0.0,0.0,0.0,0
0.0,0.09463047,0.4503713,0.0,0.042886835,0.34580824,0.16965069,0.35878378,0.0,0.0,0.0,0.24525699,0.58311373,0.17192657,0.22281867,0.06804336,0.36218706,0.6161388000000001,0.087839454,0.0,0.0,0.12490012,0.047189243,0.0,0.1813394,0.11475315,0.23999487,0.0,0.0,0.035966817000000005,1
0.0,0.0,0.5954170999999999,0.0,0.030207883999999997,0.24412255,0.06617487,0.080375776,0.0,0.04307156400000001,0.0,0.32494202,0.7550759,0.0,0.0,0.27508852,0.43891576,0.6519766,0.0,0.0,0.0,0.04235819,0.045454875,0.0,0.41795474,0.32228777,0.0,0.0,0.10761731,0.13824604,1
0.0,0.0,0.5053085,0.0,0.0,0.454305,0.0,0.7109368,0.0,0.0,0.0,0.61915135,0.38649592,0.10480581,0.04850557,0.23995274,0.6488507,0.688289,0.13073735,0.0,0.0,0.0,0.1392058,0.0,0.30718136,0.41911495,0.52036685,0.0,0.0,0.22316988,0
0.0,0.0,0.4644874,0.0,0.06244674,0.35021898,0.0,0.5857126,0.0,0.045241617000000005,0.0,0.57621115,0.41372976,0.12577945,0.014965257,0.19105466,0.5585834,0.6860573,0.05415482,0.0,0.0,0.0,0.0,0.0,0.19417529,0.3363808,0.43714849999999994,0.0,0.0,0.29491365,0
0.0,0.0,0.44972306,0.0,0.021229241,0.43674424,0.02646843,0.46371502,0.0,0.08173912,0.0,0.56705505,0.47961909999999996,0.0,0.0,0.22545984,0.58920884,0.73007697,0.00729358,0.0,0.0,0.0,0.0,0.0,0.33187738,0.3615776,0.23259123,0.0,0.0,0.25482039999999995,0
0.06726678,0.0,0.34181659999999997,0.0,0.0,0.35566932,0.0,0.72179294,0.0,0.0058553875,0.0,0.45194146,0.18205065,0.17527974,0.011624097,0.11402741,0.39870444,0.30871964,0.34144777,0.0,0.0,0.0,0.30323434,0.0,0.32322013,0.3293612,0.39750108,0.0,0.0,0.031877103999999996,0
0.0,0.2925441,0.6760357,0.0,0.13730887,0.1449437,0.19752803,0.6144039000000001,0.0,0.0,0.0,0.35027045,0.6220349000000001,0.04625053,0.15153477,0.0,0.6553831,0.84687614,0.53765935,0.0,0.0,0.0,0.5268311,0.0,0.24689277,0.367193,0.25694224,0.0,0.07077051,0.0,0
0.0,0.0,0.682038,0.0,0.0,0.36435157,0.12718624,0.643936,0.0,0.0,0.0,0.6830929,0.91202533,0.029247397999999997,0.13737085,0.26581323,0.55043423,0.7704205,0.23414025,0.0,0.0,0.097914636,0.14072075,0.0,0.41028622,0.3408585,0.45074162,0.0,0.0,0.17580126,0
0.0,0.0,0.5508655,0.0,0.037784956,0.38997015,0.035826847,0.44650352,0.0,0.07147524,0.0,0.5725752,0.53913367,0.0,0.0,0.20649952,0.60304976,0.7395106,0.025704704,0.0,0.0,0.0,0.0,0.0,0.29025275,0.28859538,0.27731690000000003,0.0,0.0,0.25629956,0
0.0,0.0,0.39145803,0.0,0.15823263,0.3094465,0.05386733,0.33788863,0.0,0.017027915,0.0,0.1967622,0.269754,0.09950733,0.05935963599999999,0.06651153,0.3529595,0.6281623000000001,0.028197376,0.0,0.0,0.0,0.054014437,0.0,0.13292556,0.14464828,0.16622058,0.0,0.0,0.21370749,1
0.0,0.07710715,0.41960183,0.0,0.0,0.21723734,0.21023035,0.43205804,0.0,0.08323663,0.0,0.10259478,0.5265029999999999,0.0,0.050607737,0.0,0.31261492,0.6642824,0.10534184,0.0,0.0,0.0,0.17275703,0.0,0.2914299,0.12925783,0.0,0.0,0.0,0.0,0
0.0,0.06370954,0.57545614,0.0,0.14937642,0.12731086,0.19073161,0.008107486,0.0,0.13524449,0.0,0.26065707,0.56627935,0.0,0.0,0.118501075,0.5566818,0.6704829000000001,0.0,0.0,0.0,0.0,0.11696498,0.0,0.21981637,0.28707558,0.0,0.0,0.186624,0.01988075,1
0.0,0.0,0.39816758,0.0,0.0,0.3888292,0.0,0.75063044,0.0,0.0,0.0,0.46823755,0.22947204,0.18245116,0.04037361,0.19516003,0.7809183000000001,0.45557714,0.24405761,0.0,0.0,0.0067905523,0.34148670000000003,0.0,0.22170752,0.30612862,0.38254368,0.0,0.0,0.0,1
0.0,0.0,0.2749341,0.0,0.0,0.37447620000000004,0.0,0.5090562,0.0,0.050371155,0.0,0.44826934,0.30826348,0.28113252,0.105622046,0.22715509,0.5178767,0.38037583,0.13166483,0.0,0.0,0.022433601,0.14374012,0.0,0.29989390000000005,0.33869997,0.421921,0.0,0.0,0.08625138,1
0.0,0.0,0.4802407,0.0,0.0,0.4388983,0.0,0.8753394,0.0,0.026687227,0.0,0.7921602,0.3708608,0.05448751,0.0,0.2578536,0.80047286,0.730514,0.27250248,0.0,0.0,0.0,0.20904104,0.0,0.43318248,0.50205463,0.4737169,0.0,0.0,0.23477486,0
0.0,0.0,0.53792614,0.0,0.0,0.38258392,0.02380842,0.43931046,0.0,0.0,0.0,0.58648777,0.5578784000000001,0.0,0.017369643,0.24618009,0.6229467,0.73221713,0.028293304,0.0,0.0,0.0,0.03645186,0.0,0.35756296,0.3516207,0.27829584,0.0,0.0,0.23569553,0
0.0,0.0,0.5120365,0.0,0.06463484,0.42037728,0.087254025,0.27553275,0.0,0.022873953,0.0,0.14646646,0.43372983,0.048432916,0.17622219,0.11549506,0.41232547,0.6126087,0.0,0.0,0.0,0.12739643,0.12312445,0.0,0.2280129,0.19406177,0.22529134,0.0,0.0,0.09140894599999999,1
0.0,0.0,0.42440242,0.0,0.014232451,0.33043718,0.0,0.43582055,0.0,0.04062315,0.0,0.37875542,0.22601962,0.038337104,0.0,0.18702574,0.48199624,0.45411837,0.0,0.0,0.0,0.0,0.053761326,0.0,0.1459591,0.30087070000000005,0.19268239999999998,0.0,0.0,0.06789742,1
0.0,0.0,0.43935406,0.0,0.0,0.43816617,0.0,0.6389617,0.0,0.0,0.0,0.42455167,0.41120282,0.37659517,0.13358623,0.22353184,0.6083045,0.49189872,0.13485637,0.0,0.0,0.114384525,0.19381249,0.0,0.22940075,0.29898116,0.50732917,0.0,0.0,0.021128742000000002,1
0.0,0.0,0.5703385,0.0,0.085103445,0.3681475,0.06032558,0.35826823,0.0,0.04451462,0.0,0.04052326,0.4289005,0.08337923,0.022716235,0.14233868,0.3242474,0.82133216,0.045729455,0.0,0.0,0.0,0.16610914,0.0,0.33813390000000004,0.22068597,0.06840395,0.0,0.0,0.17394403,1
0.0,0.0,0.45671743,0.0,0.108807825,0.32445890000000005,0.035990696,0.29904845,0.0,0.051632248,0.0,0.5204622999999999,0.58743787,0.0,0.0,0.24096721,0.6609196999999999,0.717899,0.0,0.0,0.0,0.0,0.05427573,0.0,0.36846972,0.31847095,0.12438654,0.0,0.05581611400000001,0.1971031,1
0.0,0.0,0.45954457,0.0,0.0,0.48645166,0.0,0.6392066,0.0,0.004936182,0.0,0.5216390999999999,0.38858804,0.21120644,0.07292541,0.2342269,0.6447871999999999,0.65058386,0.15492094,0.0,0.0,0.003454632,0.14776021,0.0,0.22734967,0.35534617,0.47045785,0.0,0.0,0.13613870000000003,0
0.0,0.0,0.5137124,0.0,0.0,0.44378662,0.0,0.6851223000000001,0.0,0.0,0.0,0.68689466,0.38867247,0.11452834,0.05352155,0.24678215,0.69893396,0.6492728,0.14397739,0.0,0.0,0.0,0.1331604,0.0,0.27868247,0.42322585,0.48846835,0.0,0.0,0.22602108,0
0.0,0.010100468,0.753879,0.0,0.13173564,0.35022524,0.19671226,0.23839203,0.0,0.15709226,0.0,0.21860977,0.7892686,0.0,0.0,0.19385484,0.5213447,1.0361611,0.0,0.0,0.0,0.0,0.05935727,0.0,0.32874995,0.27376217,0.0,0.0,0.12144802,0.08570538,0
0.0,0.0,0.50700265,0.0,0.0,0.36939877,0.0,0.6853895999999999,0.0,0.0,0.0,0.64752626,0.3604676,0.119770736,0.027086513,0.22291985,0.6791831,0.6304495,0.10371104,0.0,0.0,0.0,0.086556196,0.0,0.22750373,0.40351245,0.45589527,0.0,0.0,0.24317996,0
0.0,0.001702751,0.5655340999999999,0.0,0.0,0.21678291,0.0,0.5641848,0.0,0.0028383330999999998,0.0,0.17556475,0.41774490000000003,0.0,0.0,0.04886385,0.5742344,0.68379253,0.0,0.0,0.0,0.0,0.33564390000000005,0.0,0.23750566,0.19929947,0.041319672,0.043394897,0.0,0.0,1
0.0,0.0,0.23248969,0.0,0.04464356,0.36525306,0.0,0.6753960999999999,0.0,0.12754713,0.0,0.5857392,0.23991758,0.15347627,0.040500272000000004,0.083768256,0.59710383,0.6159689,0.33629498,0.0,0.0,0.0,0.2162859,0.0,0.22750701,0.43658578,0.39631218,0.0,0.0,0.13864486,0
0.0,0.0,0.37428865,0.0,0.0,0.44255680000000003,0.0,0.47403270000000003,0.0,0.0,0.0,0.41431177,0.5994354000000001,0.27019262,0.24161938,0.21971056,0.58494604,0.60065883,0.22487415,0.0,0.0,0.23008761,0.41919809999999996,0.0,0.5532855,0.31003138,0.38703927,0.0,0.0,0.0,1
0.0,0.24299942,0.6146289,0.0,0.12043506,0.16982359,0.21592923,0.08831818400000001,0.0,0.23491387,0.0,0.00436759,0.6435970999999999,0.0,0.0,0.0,0.3665364,0.7956823000000001,0.0,0.009196194,0.0,0.0,0.076904684,0.0,0.27553695,0.21144202,0.0,0.0,0.31728435,0.0,1
0.0,0.30904123,0.47460097,0.0,0.092032984,0.18385942,0.16201379999999999,0.505368,0.0,0.019327223,0.0,0.30732816,0.73488796,0.0,0.15182501,0.05617535,0.75714594,0.86270815,0.5455314,0.0,0.0,0.045689452,0.57178175,0.0,0.4088886,0.43509728,0.17710811,0.0,0.1114858,0.0,0
0.056088686,0.13375434,0.16701207,0.0,0.0,0.46008933,0.12663898,0.24776156,0.0,0.0,0.0,0.37496957,0.6351683000000001,0.07449429,0.29456109999999996,0.091149546,0.61196077,0.56710744,0.3367259,0.054526262,0.0,0.3207747,0.40755233,0.0,0.5332074,0.27805167,0.32253385,0.0,0.0,0.0,0
0.0,0.0,0.6392797,0.0,0.0,0.34060840000000003,0.09287103,0.6259875,0.0,0.0,0.0,0.60964704,0.8159420999999999,0.0,0.0,0.24284771,0.4037582,0.7465026,0.29264495,0.0,0.0,0.0,0.19404343,0.0,0.56562614,0.36540166,0.25616682,0.0,0.0,0.121368475,0
0.0,0.0,0.7120455,0.0,0.05185150400000001,0.39742140000000004,0.14778017,0.33828318,0.0,0.21898441,0.0,0.30639502,0.832968,0.0,0.0,0.2701916,0.40693190000000007,0.9595071,0.0,0.0,0.0,0.0,0.013689433,0.0,0.43885282,0.28728804,0.0,0.0,0.07354644,0.12115232,0
0.0,0.0,0.5849206,0.0,0.06998597,0.34557298,0.0,0.53087264,0.0,0.057364997,0.0,0.5566886999999999,0.4965407,0.05802040000000001,0.016809078,0.17567829999999998,0.5986215,0.7074343000000001,0.0015553888,0.0,0.0,0.0,0.0070769005,0.0,0.19440505,0.3478953,0.27770436,0.0,0.0,0.23442923,1
0.0,0.0,0.33619390000000005,0.0,0.17292698,0.29422525,0.051093902000000004,0.39685616,0.0,0.05846546,0.0,0.20600411,0.22221069,0.1330664,0.051819227999999995,0.076148644,0.31615546,0.5749091,0.026158936,0.0,0.0,0.0,0.0,0.0,0.096148446,0.14770845,0.2144326,0.0,0.0,0.18399324,1
0.0,0.18580012,0.6118308000000001,0.0,0.020451926000000002,0.24394892,0.33725858,0.22419885,0.0,0.18544358,0.0,0.1505025,0.8472875,0.0,0.0038358967,0.0070134080000000005,0.6251855,0.99558645,0.10871117,0.07847902,0.0,0.0,0.27009836,0.0,0.43554592,0.24540342,0.0,0.0,0.12675714,0.0,1
0.0,0.07094365,0.26842309999999997,0.0,0.0,0.40706795,0.0,0.6574028000000001,0.0,0.019547783,0.0,0.36959302,0.41063967,0.33518007,0.21012451,0.09899701,0.6286463000000001,0.5247723000000001,0.28970915,0.029039972999999997,0.0,0.08430061,0.3505853,0.0,0.26080912,0.21661063,0.3446611,0.0,0.0,0.0,0
0.0,0.0,0.4456662,0.0,0.0,0.46180420000000005,0.021549352,0.9687034,0.0,0.02052292,0.0,0.7675757,0.41415408,0.11917859,0.0,0.21405198,0.85451925,0.82396144,0.37139240000000007,0.0,0.0,0.0,0.27998140000000005,0.0,0.37290984,0.47159129999999994,0.5639926,0.0,0.0,0.16093431,0
0.0,0.0,0.49731183,0.0,0.016297467,0.39705178,0.0,0.6571028,0.0,0.0,0.0,0.71303844,0.41749480000000005,0.10934809,0.031959213,0.26294136,0.6948327,0.66663796,0.15997542,0.0,0.0,0.0,0.08699817,0.0,0.3122216,0.43426406,0.46342725,0.0,0.0,0.26371753,0
0.0,0.0,0.5710568,0.0,0.0,0.33669624,0.052944396,0.520295,0.0,0.1065528,0.0,0.49307385,0.51957506,0.0,0.0,0.20790283,0.6095536,0.7707298,0.10091399,0.0,0.0,0.018029667,0.16004266,0.0,0.39231914,0.45212212,0.34316729999999995,0.0,0.0,0.12013634,0
0.0,0.0,0.41129014,0.0,0.033187076,0.3839685,0.0,0.64769876,0.0,0.060255624,0.0,0.43775293,0.45355037,0.13214795,0.034264207000000005,0.17147464,0.39772826,0.70544785,0.08430408,0.0,0.0,0.008066068000000001,0.028448788,0.0,0.31288344,0.3051828,0.32298616,0.0,0.0,0.25216398,0
0.0,0.0,0.53363585,0.0,0.029559921,0.38421768,0.29996836,0.34501067,0.0,0.08600535,0.0,0.34760338,0.50930625,0.0,0.036839224,0.048159644,0.63589036,0.7918536999999999,0.0759611,0.0,0.0,0.0016126942,0.0401434,0.0,0.22349404,0.31773144,0.2769729,0.0,0.0,0.17377414,1
0.0,0.0,0.43118176,0.0,0.0,0.5148359,0.0,0.66679627,0.0,0.04791602,0.0,0.60168684,0.39017540000000006,0.19922279999999998,0.03303529,0.27938265,0.5960645999999999,0.6355301999999999,0.3066616,0.0,0.0,0.07831103,0.26548868,0.0,0.35779038,0.46511748,0.58362025,0.0,0.0,0.03163791,0
0.0,0.0,0.51107335,0.0,0.0055446982999999995,0.28826085,0.17137861,0.18717988,0.0,0.23412270000000004,0.0,0.45895794,0.81021476,0.0,0.0,0.28495464,0.36371115,0.7535715999999999,0.0,0.0,0.0,0.0,0.0,0.0,0.4894045999999999,0.36233953,0.113607325,0.0,0.07842852,0.16193123,0
0.0,0.0,0.54182285,0.0,0.12814358,0.3157652,0.0,0.21515577,0.0,0.0458324,0.0,0.2962188,0.47645274,0.0,0.0,0.21943195,0.43391863,0.6696694999999999,0.0,0.0,0.0,0.0,0.0,0.0,0.27321813,0.27122644,0.0,0.0,0.0,0.18909043,1
0.0,0.0,0.33920103,0.0,0.0,0.39499429999999996,0.0,0.5888753999999999,0.0,0.0010065613,0.0,0.40823278,0.33231655,0.36639940000000004,0.130101,0.19134647,0.5067491,0.39780912,0.1684938,0.0,0.0,0.058333367000000004,0.15267447,0.0,0.23693363,0.3154384,0.48239654,0.0,0.0,0.074946575,1
0.037121367,0.0,0.256809,0.0,0.0,0.60708207,0.0,0.74497056,0.0,0.0,0.0,0.5298719,0.40668702,0.41947663,0.21615067,0.25492826,0.6794668,0.63055277,0.48667863,0.0,0.0,0.038188267000000005,0.40749833,0.0,0.40995360000000003,0.52665323,0.38115168,0.0,0.0,0.0,0
0.0,0.0,0.1258915,0.0,0.0,0.3081453,0.08031332,0.64485687,0.0,0.05043228,0.0,0.47411248,0.52864295,0.08498058,0.045740752999999995,0.20091054,0.6528305999999999,0.7083977,0.20584702,0.0,0.0,0.0,0.34697807,0.0,0.47656685,0.24000409,0.19242534,0.0,0.0,0.0,0
0.0,0.0,0.5806704,0.0,0.10392552,0.3306673,0.0,0.41776806,0.0,0.10085734,0.0,0.27918643,0.46953747,0.055881336,0.026475147999999997,0.15078254,0.48091194,0.69095397,0.0,0.0,0.0,0.0,0.03716951,0.0,0.16026665,0.26746490000000006,0.062547825,0.0,0.0,0.22168165,1
0.014859259,0.0016948739,0.33082613,0.0,0.0,0.5770708000000001,0.06923191,0.24655564,0.0,0.0,0.0,0.32224438,0.45816946,0.06877015,0.19460228,0.10780528,0.6427259,0.7271538000000001,0.28605244,0.012635272,0.0,0.16575804,0.48502243,0.0,0.4730101,0.37477526,0.31123295,0.0,0.0,0.0,1
0.0,0.0,0.38094583,0.0,0.06598487,0.48761648,0.0,0.65883994,0.0,0.026566713999999998,0.0,0.26088160000000005,0.13233050000000002,0.21557367,0.10398371,0.0,0.5057026,0.75813985,0.25069618,0.0,0.0,0.0,0.20804383,0.0,0.11235658,0.297614,0.39759082,0.0,0.0,0.056325648,0
0.0,0.0,0.10961989,0.0,0.0,0.17986228,0.0,0.469135,0.0,0.041912835,0.0,0.33893028,0.22645926,0.2666504,0.041867334,0.03297227,0.43239203,0.18907444,0.29254252,0.0,0.0,0.0,0.2342958,0.0,0.21271308,0.24433605,0.29789147,0.0,0.0,0.0,0
0.0,0.07713816,0.19376308,0.0,0.0,0.26698685,0.0,0.62788,0.0,0.0,0.0,0.3500491,0.23855834,0.3180963,0.08059028,0.010568868,0.51661175,0.3999801,0.36319175,0.036355093,0.0,0.065880515,0.28039852,0.0,0.16781782,0.28323802,0.39614347,0.0,0.0,0.0,0
0.0,0.0,0.43772942,0.0,0.0,0.38875887,0.0,0.87687963,0.0,0.0,0.0,0.24605855,0.26178682,0.2626902,0.11034909999999999,0.008777304,0.58681774,0.64412475,0.29860732,0.0,0.0,0.0,0.39424068,0.0,0.32245627,0.24995726,0.24810374,0.0,0.0,0.095055975,1
0.026528034,0.0,0.2532968,0.0,0.0,0.30418226,0.0,0.43211109999999997,0.0,0.0063630696,0.0,0.450375,0.43799624,0.20894085,0.034405526,0.18833370000000002,0.43858504,0.44702405,0.25019518,0.0,0.0,0.13805021,0.30315813,0.0,0.42245397,0.40878984,0.43348905,0.0,0.0,0.0,0
0.0,0.31766972,0.42596874,0.0,0.02964972,0.0,0.12758674,0.3948507,0.0,0.011058103,0.0,0.13892761,0.6112601,0.037526917,0.13468267,0.018008737,0.45317456,0.50306034,0.3299338,0.017918978000000002,0.0,0.06787924,0.499775,0.0,0.3263447,0.35137028,0.09882208,0.0,0.08592999,0.0,0
0.0,0.0,0.5352854,0.0,0.022564912000000003,0.38522163,0.0,0.6851939,0.0,0.10537356,0.0,0.5211545999999999,0.18094024,0.15003498,0.052668832,0.10209594,0.6085887,0.5740263000000001,0.23704758,0.0,0.0,0.0,0.28741112,0.0,0.125567,0.41093844,0.34697026,0.0,0.0,0.032510776,1
0.0,0.0,0.5381939,0.0,0.0131612085,0.39896733,0.036156155,0.44494116,0.0,0.04976514,0.0,0.5702204000000001,0.5324441999999999,0.0,0.0,0.21289483,0.56928056,0.7133363,0.022069357,0.0,0.0,0.0,0.0,0.0,0.2849319,0.30325493,0.2862287,0.0,0.0,0.2655183,0
0.0047453507,0.0,0.34531409999999996,0.0,0.0,0.6193189,0.0,0.62331545,0.0,0.018427294,0.0,0.4758994000000001,0.36323684,0.34143642,0.15192457,0.19824573,0.7008953,0.5949975000000001,0.3723744,0.01999261,0.0,0.07153904400000001,0.41276437,0.0,0.4248903,0.41986254,0.5023006,0.0,0.0,0.0,0
0.019696515,0.0,0.13494675,0.0,0.0,0.25467449999999997,0.0,0.5552752,0.0,0.020670813,0.0,0.27003590000000005,0.17497265,0.32823315,0.0810061,0.06716082,0.42713156,0.17416383,0.23678102,0.09563815,0.0,0.0,0.30416524,0.0,0.19123065,0.27705353,0.29121405,0.0,0.0,0.0,1
0.0,0.043095298,0.44632027,0.0,0.12914555,0.45274929999999997,0.12399912,0.37071615,0.0,0.045207642,0.0,0.23231804,0.5612283,0.1645811,0.22540997,0.14125957,0.36488664,0.7575856,0.09433715,0.0,0.0,0.10536422,0.02495564,0.0,0.20204498,0.25198928,0.21516018,0.0,0.0,0.05230203,1
0.0,0.0,0.5321665,0.0,0.017916214,0.40750206,0.019652631,0.5121774,0.0,0.006604006999999999,0.0,0.616707,0.5252313,0.0,0.0,0.20340106,0.66351396,0.81536114,0.12595913,0.0,0.0,0.0,0.07555433,0.0,0.38657692,0.35010728,0.27450630000000004,0.0,0.0,0.23557199999999998,0
0.0,0.0,0.39000922,0.0,0.0,0.45026743,0.0,0.7243930000000001,0.0,0.106944606,0.0,0.3918031,0.35599515,0.32312357,0.1265743,0.1356207,0.44712377,0.53780216,0.17089917,0.0,0.0,0.056836803,0.16451131,0.0,0.18902656,0.29392484,0.47261369999999997,0.0,0.0,0.033098800000000005,0
0.0,0.0,0.34551936,0.0,0.16707382,0.3063208,0.06871353,0.36698896,0.0,0.044540603,0.0,0.21567811,0.23584339999999998,0.11883473,0.063549854,0.06206294,0.34711129999999996,0.58863044,0.043520734000000005,0.0,0.0,0.0,0.010190489,0.0,0.10687451,0.12923948,0.21588197,0.0,0.0,0.20082304,1
0.0,0.0008498085699999999,0.35411805,0.0,0.0,0.33902273,0.0,0.5668681,0.0,0.06903626,0.0,0.31959862,0.39371252,0.1787567,0.080890104,0.10153035,0.52568734,0.5066099000000001,0.1953631,0.11272911,0.0,0.021523808999999998,0.28834534,0.0,0.23475765,0.25477073,0.31061372,0.0,0.0,0.0,0
0.0,0.0,0.53460234,0.0,0.038055103,0.3821064,0.04882731,0.47019160000000004,0.0,0.023852129,0.0,0.6593298000000001,0.61731094,0.0,0.0,0.2390867,0.6339731,0.8445254999999999,0.14549106,0.0,0.0,0.0,0.0641443,0.0,0.41480559999999994,0.36848503,0.2522421,0.0,0.0,0.19952367,0
0.0,0.0,0.45502135,0.0,0.09373837,0.3695111,0.015805472,0.36408395,0.0,0.067458555,0.0,0.47446686,0.65358824,0.0,0.0,0.27054518,0.7840961999999999,0.82860243,0.0,0.0,0.0,0.0,0.12974945,0.0,0.48641260000000003,0.34482667,0.03141323,0.0,0.06525750000000001,0.23747198,1
0.0,0.0,0.43510390000000004,0.0,0.11155432,0.15809898,0.20072947,0.08084714400000001,0.0,0.21996163,0.0,0.30630857,0.5280106999999999,0.0,0.0,0.10135233,0.42169026,0.68897873,0.0,0.0,0.0,0.0,0.029944738,0.0,0.30481097,0.30372193,0.0021657548,0.0,0.15138932,0.07060239999999998,1
0.0,0.0,0.7356378,0.0,0.024370769,0.26570356,0.0,0.580414,0.0,0.12391511,0.0,0.30413955,0.36494395,0.0,0.0,0.1083164,0.45723993,0.6557892,0.0,0.0,0.0,0.0,0.19139326,0.0,0.075433925,0.33121502,0.11578105,0.0,0.0,0.0,0
0.0,0.34420475,0.4108144,0.0,0.0833938,0.06852516,0.08112326,0.43765008,0.0,0.0,0.0,0.17203628,0.49319875,0.09703441,0.12580422,0.0,0.5655232,0.5417744000000001,0.46472746,0.0,0.0,0.0,0.5294793999999999,0.0,0.26082096,0.31019095,0.16604549,0.0,0.06327484,0.0,0
0.0,0.31181517,0.6492754,0.0,0.07638558,0.09614127,0.16705658,0.16150935,0.0,0.10973312,0.0,0.0,0.6044354000000001,0.0,0.08900466,0.0,0.3452554,0.7253804,0.0,0.0,0.0,0.0,0.23340188,0.0,0.18578953,0.16688685,0.0,0.0,0.05878233,0.0,1
0.0,0.25389385,0.7835739,0.0,0.10994031,0.31136513,0.104345486,0.21474841,0.0,0.090817444,0.0,0.025513424,0.75578636,0.0,0.05144589,0.09123112,0.6645541,1.0146475000000001,0.0,0.07462827,0.0,0.0,0.27463222,0.0,0.34634638,0.25577110000000003,0.0,0.0,0.021365706,0.0,1
0.0,0.0,0.4643068,0.0,0.073223904,0.4436282999999999,0.023468677,0.37707734,0.0,0.06254855,0.0,0.5712398,0.5443180999999999,0.018681355,0.0,0.27330040000000005,0.6004406,0.6902286999999999,0.0,0.0,0.0,0.0,0.0,0.0,0.33785838,0.35118154,0.19617283,0.0,0.0,0.28796014,0
0.0,0.16788909,0.36739412,0.0,0.027197495,0.23279782,0.22740726,0.3599602,0.0,0.0,0.0,0.0040851063,0.72021776,0.1613447,0.18851553,0.0,0.55890435,0.70410776,0.02315476,0.0,0.0,0.12483230000000001,0.14389119,0.0,0.30570105,0.22405402,0.028042262000000002,0.0,0.0,0.0,1
0.0,0.0,0.35052007,0.0,0.0,0.32850337,0.16147652,0.41223493,0.0,0.0,0.0,0.28890479999999996,0.42983904,0.0,0.113644786,0.1384125,0.524644,0.5676795,0.16987695,0.0,0.0,0.010100776,0.1933572,0.0,0.27395159999999996,0.23514906,0.37006384,0.0,0.0,0.124250986,1
0.0,0.0,0.55309665,0.0,0.0,0.30179012,0.116216615,0.48462912,0.0,0.035994455,0.0,0.6081178,0.89660794,0.0,0.0,0.30491945,0.39759877,0.6307341999999999,0.09103705,0.0,0.0,0.0,0.0,0.0,0.4907486,0.3493888,0.23658808,0.0,0.0,0.22803330000000002,0
0.0,0.0,0.46993050000000003,0.0,0.0,0.30397177,0.06917955,0.46568679999999996,0.0,0.0047068815,0.0,0.5658205,0.7827933000000001,0.0,0.0,0.26410934,0.29819509999999994,0.67021966,0.16534892,0.0,0.0,0.04991043,0.024824243,0.0,0.5042394,0.34748527,0.26011062,0.0,0.0,0.14250965,0
0.0,0.0,0.30781895,0.0,0.0,0.48042426,0.0,0.47220403,0.0,0.09491371,0.0,0.2775552,0.3105198,0.26694584,0.13807051,0.12657145,0.45892340000000004,0.51838225,0.13229609,0.014691213,0.0,0.053941715999999994,0.24549091,0.0,0.23918705,0.31343257,0.39127332,0.0,0.0,0.0,1
0.0,0.0,0.6661642,0.0,0.10398775,0.49776477,0.0,0.45960906,0.0,0.050598864,0.0,0.493084,0.5099788,0.057554178,0.16521083,0.18493418,0.5929295,0.8366693000000001,0.043764494,0.0,0.0,0.017366773000000002,0.19980381,0.0,0.17672268,0.27479196,0.36562213,0.0,0.0,0.077269346,1
